instance;NR;NT;NW;capacity;balanced;fixsizerf;freeintervalrf;maxtimerf;bestsol;elapsedtime
instances/N50T15/N50T15P1W15DD_SF4.dat;50;15;15;1.75;1;2;4;120;504299.83792166645;54.207572011
instances/N100T15/N100T15P1W5DD_SF5.dat;100;15;5;1.75;1;2;4;120;473277.19309533254;16.510301059
instances/N100T30/N100T30P1W20DD_SF9.dat;100;30;20;1.75;1;2;4;120;1.1855807750836639e6;98.12537105599998
