instance;NR;NT;NW;capacity;balanced;fixsizerf;freeintervalrf;maxtimerf;bestsol;elapsedtime
instances/N50T15/N50T15P1W15DD_SF4.dat;50;15;15;1.5;1;3;2;120;550739.6142630001;27.798728693
instances/N100T15/N100T15P1W5DD_SF5.dat;100;15;5;1.5;1;3;2;120;514969.0803889997;13.238514334
instances/N100T30/N100T30P1W20DD_SF9.dat;100;30;20;1.5;1;3;2;120;1.2634443892599996e6;98.640800848
