instance;NR;NT;NW;capacity;balanced;fixsizerf;freeintervalrf;maxtimerf;bestsol;elapsedtime
instances/N50T15/N50T15P1W15DD_SF4.dat;50;15;15;1.5;1;4;4;120;550069.833224;60.44566906
instances/N100T15/N100T15P1W5DD_SF5.dat;100;15;5;1.5;1;4;4;120;513917.9758089991;64.02134801
instances/N100T30/N100T30P1W20DD_SF9.dat;100;30;20;1.5;1;4;4;120;1.266322310438998e6;93.04805981700001
