instance;NR;NT;NW;capacity;balanced;fixsizerf;freeintervalrf;maxtimerf;bestsol;elapsedtime
instances/N50T15/N50T15P1W15DD_SF4.dat;50;15;15;2.0;1;2;2;120;467628.1351623333;16.194317165
instances/N100T15/N100T15P1W5DD_SF5.dat;100;15;5;2.0;1;2;2;120;438621.933666;5.968025944999999
instances/N100T30/N100T30P1W20DD_SF9.dat;100;30;20;2.0;1;2;2;120;1.115466613845e6;86.31514061300001
