instance;NR;NT;NW;capacity;balanced;fixsizerf;freeintervalrf;maxtimerf;bestsol;elapsedtime
instances/N50T15/N50T15P1W15DD_SF4.dat;50;15;15;2.0;1;2;3;120;469630.9607573333;33.208101817999996
instances/N100T15/N100T15P1W5DD_SF5.dat;100;15;5;2.0;1;2;3;120;439676.4773659998;12.467074008
instances/N100T30/N100T30P1W20DD_SF9.dat;100;30;20;2.0;1;2;3;120;1.0857427006963314e6;98.82375702099998
