instance;NR;NT;NW;capacity;balanced;fixsizerf;freeintervalrf;maxtimerf;bestsol;elapsedtime
instances/N50T15/N50T15P1W15DD_SF4.dat;50;15;15;2.0;1;3;2;120;467085.1119523331;16.545164994000004
instances/N100T15/N100T15P1W5DD_SF5.dat;100;15;5;2.0;1;3;2;120;438510.55513199774;10.414696532
instances/N100T30/N100T30P1W20DD_SF9.dat;100;30;20;2.0;1;3;2;120;1.092692977355666e6;92.05247928200001
