instance;NR;NT;NW;capacity;balanced;fixsizerf;freeintervalrf;maxtimerf;bestsol;elapsedtime
instances/N50T15/N50T15P1W15DD_SF4.dat;50;15;15;1.5;1;2;3;120;550810.8649300002;29.965157027
instances/N100T15/N100T15P1W5DD_SF5.dat;100;15;5;1.5;1;2;3;120;516372.32081999944;19.942160288
instances/N100T30/N100T30P1W20DD_SF9.dat;100;30;20;1.5;1;2;3;120;1.2806283108740002e6;99.18242776999999
