instance;NR;NT;NW;capacity;balanced;fixsizerf;freeintervalrf;maxtimerf;bestsol;elapsedtime
instances/N50T15/N50T15P1W15DD_SF4.dat;50;15;15;2.0;1;3;4;120;463936.36553166667;64.37714044699999
instances/N100T15/N100T15P1W5DD_SF5.dat;100;15;5;2.0;1;3;4;120;439261.11660066573;39.030215101
instances/N100T30/N100T30P1W20DD_SF9.dat;100;30;20;2.0;1;3;4;120;1.0922252464573318e6;102.476433925
