instance;NR;NT;NW;capacity;balanced;fixsizerf;freeintervalrf;maxtimerf;bestsol;elapsedtime
instances/N50T15/N50T15P1W15DD_SF4.dat;50;15;15;1.5;1;4;2;120;550327.684203;40.390543642000004
instances/N100T15/N100T15P1W5DD_SF5.dat;100;15;5;1.5;1;4;2;120;514595.332562999;16.344479577999998
instances/N100T30/N100T30P1W20DD_SF9.dat;100;30;20;1.5;1;4;2;120;1.2672937576979976e6;94.54743198
