instance;NR;NT;NW;capacity;balanced;fixsizerf;freeintervalrf;maxtimerf;bestsol;elapsedtime
instances/N50T15/N50T15P1W15DD_SF4.dat;50;15;15;1.75;1;3;4;120;503705.9191943333;53.62808387500001
instances/N100T15/N100T15P1W5DD_SF5.dat;100;15;5;1.75;1;3;4;120;474048.55096866615;55.937974436
instances/N100T30/N100T30P1W20DD_SF9.dat;100;30;20;1.75;1;3;4;120;1.187535019034332e6;98.042037614
