instance;NR;NT;NW;capacity;balanced;fixsizerf;freeintervalrf;maxtimerf;bestsol;elapsedtime
instances/N50T15/N50T15P1W15DD_SF4.dat;50;15;15;2.0;1;4;4;120;462055.9186866662;60.881161429
instances/N100T15/N100T15P1W5DD_SF5.dat;100;15;5;2.0;1;4;4;120;438081.3025329981;63.211343674
instances/N100T30/N100T30P1W20DD_SF9.dat;100;30;20;2.0;1;4;4;120;1.080159148264331e6;92.352996063
