instance;NR;NT;NW;capacity;balanced;fixsizerf;freeintervalrf;maxtimerf;bestsol;elapsedtime
instances/N50T15/N50T15P1W15DD_SF4.dat;50;15;15;1.75;0;4;3;120;492069.5699616666;21.347081944000003
instances/N100T15/N100T15P1W5DD_SF5.dat;100;15;5;1.75;0;4;3;120;441957.748910332;27.500759206
instances/N100T30/N100T30P1W20DD_SF9.dat;100;30;20;1.75;0;4;3;120;1.118756065125333e6;92.53638390200001
