instance;NR;NT;NW;capacity;balanced;fixsizerf;freeintervalrf;maxtimerf;bestsol;elapsedtime
instances/N50T15/N50T15P1W15DD_SF4.dat;50;15;15;2.0;0;3;4;120;452290.20024699986;30.481942657999998
instances/N100T15/N100T15P1W5DD_SF5.dat;100;15;5;2.0;0;3;4;120;408544.4133683325;27.372150691999998
instances/N100T30/N100T30P1W20DD_SF9.dat;100;30;20;2.0;0;3;4;120;1.0162464002573325e6;97.718742974
