instance;NR;NT;NW;capacity;balanced;fixsizerf;freeintervalrf;maxtimerf;bestsol;elapsedtime
instances/N50T15/N50T15P1W15DD_SF4.dat;50;15;15;1.5;0;4;4;120;537921.2144899992;44.862238236
instances/N100T15/N100T15P1W5DD_SF5.dat;100;15;5;1.5;0;4;4;120;480631.27857599873;65.263031485
instances/N100T30/N100T30P1W20DD_SF9.dat;100;30;20;1.5;0;4;4;120;1.187226874999999e6;92.37081814300001
