instance;NR;NT;NW;capacity;balanced;fixsizerf;freeintervalrf;maxtimerf;bestsol;elapsedtime
instances/N50T15/N50T15P1W15DD_SF4.dat;50;15;15;1.5;0;2;2;120;538782.912995;6.78603903
instances/N100T15/N100T15P1W5DD_SF5.dat;100;15;5;1.5;0;2;2;120;482212.1780989999;11.003144706
instances/N100T30/N100T30P1W20DD_SF9.dat;100;30;20;1.5;0;2;2;120;1.1895212180139984e6;46.35697983899999
