instance;NR;NT;NW;capacity;balanced;fixsizerf;freeintervalrf;maxtimerf;bestsol;elapsedtime
instances/N50T15/N50T15P1W15DD_SF4.dat;50;15;15;1.75;0;2;4;120;490166.94560966664;20.662070421
instances/N100T15/N100T15P1W5DD_SF5.dat;100;15;5;1.75;0;2;4;120;443686.9188209995;23.912579411000003
instances/N100T30/N100T30P1W20DD_SF9.dat;100;30;20;1.75;0;2;4;120;1.114157262479999e6;94.13129990099999
