instance;NR;NT;NW;capacity;balanced;fixsizerf;freeintervalrf;maxtimerf;bestsol;elapsedtime
instances/N50T15/N50T15P1W15DD_SF4.dat;50;15;15;1.75;0;3;2;120;494056.26286633284;9.280361414
instances/N100T15/N100T15P1W5DD_SF5.dat;100;15;5;1.75;0;3;2;120;443767.9299033326;7.155361279
instances/N100T30/N100T30P1W20DD_SF9.dat;100;30;20;1.75;0;3;2;120;1.1227670569003324e6;77.854282576
