instance;NR;NT;NW;capacity;balanced;fixsizerf;freeintervalrf;maxtimerf;bestsol;elapsedtime
instances/N50T15/N50T15P1W15DD_SF4.dat;50;15;15;1.5;0;3;4;120;538042.2286530001;34.675951077
instances/N100T15/N100T15P1W5DD_SF5.dat;100;15;5;1.5;0;3;4;120;481715.75052399916;45.379230835
instances/N100T30/N100T30P1W20DD_SF9.dat;100;30;20;1.5;0;3;4;120;1.196263117198999e6;99.47662387399998
