instance;NR;NT;NW;capacity;balanced;fixsizerf;freeintervalrf;maxtimerf;bestsol;elapsedtime
instances/N50T15/N50T15P1W15DD_SF4.dat;50;15;15;1.75;0;2;2;120;492284.71935999993;4.268487358000001
instances/N100T15/N100T15P1W5DD_SF5.dat;100;15;5;1.75;0;2;2;120;444554.63506566477;10.418020052000001
instances/N100T30/N100T30P1W20DD_SF9.dat;100;30;20;1.75;0;2;2;120;1.1165334052826657e6;52.280201264
