instance;NR;NT;NW;capacity;balanced;fixsizerf;freeintervalrf;maxtimerf;bestsol;elapsedtime
instances/N50T15/N50T15P1W15DD_SF4.dat;50;15;15;1.5;0;3;2;120;538934.5536849999;8.723711181999999
instances/N100T15/N100T15P1W5DD_SF5.dat;100;15;5;1.5;0;3;2;120;481348.5689669985;15.143911085
instances/N100T30/N100T30P1W20DD_SF9.dat;100;30;20;1.5;0;3;2;120;1.1925639576499993e6;80.873925728
