instance;NR;NT;NW;capacity;balanced;fixsizerf;freeintervalrf;maxtimerf;bestsol;elapsedtime
instances/N50T15/N50T15P1W15DD_SF4.dat;50;15;15;2.0;0;2;2;120;454330.3972663332;4.587343195
instances/N100T15/N100T15P1W5DD_SF5.dat;100;15;5;2.0;0;2;2;120;409570.30035899894;5.6785832240000005
instances/N100T30/N100T30P1W20DD_SF9.dat;100;30;20;2.0;0;2;2;120;1.0345560938366672e6;57.271638521
