instance;NR;NT;NW;capacity;balanced;fixsizerf;freeintervalrf;maxtimerf;bestsol;elapsedtime
instances/N50T15/N50T15P1W15DD_SF4.dat;50;15;15;2.0;0;3;2;120;451998.637131;7.202071495999999
instances/N100T15/N100T15P1W5DD_SF5.dat;100;15;5;2.0;0;3;2;120;406540.16007;8.457127716999999
instances/N100T30/N100T30P1W20DD_SF9.dat;100;30;20;2.0;0;3;2;120;1.0152507286916656e6;79.349162317
