instance;NR;NT;NW;capacity;balanced;fixsizerf;freeintervalrf;maxtimerf;bestsol;elapsedtime
instances/N50T15/N50T15P1W15DD_SF4.dat;50;15;15;2.0;0;2;4;120;453976.3868973332;33.393521265000004
instances/N100T15/N100T15P1W5DD_SF5.dat;100;15;5;2.0;0;2;4;120;406298.7722639993;20.798453961
instances/N100T30/N100T30P1W20DD_SF9.dat;100;30;20;2.0;0;2;4;120;1.0179961001119997e6;93.63534871400002
