instance;NR;NT;NW;capacity;balanced;fixsizerf;freeintervalrf;maxtimerf;bestsol;elapsedtime
instances/N50T15/N50T15P1W15DD_SF4.dat;50;15;15;1.5;0;2;3;120;539280.3266150003;23.5350992
instances/N100T15/N100T15P1W5DD_SF5.dat;100;15;5;1.5;0;2;3;120;482336.77774899954;18.011930394
instances/N100T30/N100T30P1W20DD_SF9.dat;100;30;20;1.5;0;2;3;120;1.2017749100759951e6;94.30869198900001
