instance;NR;NT;NW;capacity;balanced;fixsizerf;freeintervalrf;maxtimerf;bestsol;elapsedtime
instances/N50T15/N50T15P1W15DD_SF4.dat;50;15;15;1.75;0;2;3;120;492287.79870299995;16.411516136000003
instances/N100T15/N100T15P1W5DD_SF5.dat;100;15;5;1.75;0;2;3;120;442072.7516179987;8.477120424
instances/N100T30/N100T30P1W20DD_SF9.dat;100;30;20;1.75;0;2;3;120;1.1194561527083325e6;76.665214323
