instance;NR;NT;NW;capacity;balanced;fixsizerf;freeintervalrf;maxtimerf;bestsol;elapsedtime
instances/N50T15/N50T15P1W15DD_SF4.dat;50;15;15;1.5;0;2;4;120;538822.619162;36.34325278899999
instances/N100T15/N100T15P1W5DD_SF5.dat;100;15;5;1.5;0;2;4;120;482463.2659909984;45.867195434
instances/N100T30/N100T30P1W20DD_SF9.dat;100;30;20;1.5;0;2;4;120;1.196897263561999e6;97.99597293600002
