instance;NR;NT;NW;capacity;balanced;fixsizerf;freeintervalrf;maxtimerf;bestsol;elapsedtime
instances/N50T15/N50T15P1W15DD_SF4.dat;50;15;15;1.5;0;4;3;120;537916.194467;29.609601691
instances/N100T15/N100T15P1W5DD_SF5.dat;100;15;5;1.5;0;4;3;120;481926.57081099926;45.747895562
instances/N100T30/N100T30P1W20DD_SF9.dat;100;30;20;1.5;0;4;3;120;1.190047178798999e6;92.895815538
