instance;NR;NT;NW;capacity;balanced;fixsizerf;freeintervalrf;maxtimerf;bestsol;elapsedtime
instances/N50T15/N50T15P1W15DD_SF4.dat;50;15;15;2.0;0;4;2;120;453756.7726433332;21.402589424000002
instances/N100T15/N100T15P1W5DD_SF5.dat;100;15;5;2.0;0;4;2;120;407099.3548306654;19.533544283999998
instances/N100T30/N100T30P1W20DD_SF9.dat;100;30;20;2.0;0;4;2;120;1.0126497583539992e6;87.025025374
