instance;NR;NT;NW;capacity;balanced;fixsizerf;freeintervalrf;maxtimerf;bestsol;elapsedtime
instances/N50T15/N50T15P1W15DD_SF4.dat;50;15;15;2.0;0;3;3;120;454235.6358079999;22.765821193999997
instances/N100T15/N100T15P1W5DD_SF5.dat;100;15;5;2.0;0;3;3;120;406325.29784899903;17.089081988
instances/N100T30/N100T30P1W20DD_SF9.dat;100;30;20;2.0;0;3;3;120;1.0221723569889995e6;98.361376933
