instance;NR;NT;NW;capacity;balanced;fixsizerf;freeintervalrf;maxtimerf;bestsol;elapsedtime
instances/N50T15/N50T15P1W15DD_SF4.dat;50;15;15;1.5;0;4;2;120;541382.6695970001;19.500335893
instances/N100T15/N100T15P1W5DD_SF5.dat;100;15;5;1.5;0;4;2;120;482486.7744259991;21.598674029999998
instances/N100T30/N100T30P1W20DD_SF9.dat;100;30;20;1.5;0;4;2;120;1.192648945588999e6;85.422314401
