instance;NR;NT;NW;capacity;balanced;fixsizerf;freeintervalrf;maxtimerf;bestsol;elapsedtime
instances/N50T15/N50T15P1W15DD_SF4.dat;50;15;15;1.75;0;4;2;120;491219.2634573334;12.579175219000001
instances/N100T15/N100T15P1W5DD_SF5.dat;100;15;5;1.75;0;4;2;120;444042.79523366515;12.880341214
instances/N100T30/N100T30P1W20DD_SF9.dat;100;30;20;1.75;0;4;2;120;1.1108297729086657e6;83.180610684
