instance;NR;NT;NW;capacity;balanced;fixsizerf;freeintervalrf;maxtimerf;bestsol;elapsedtime
instances/N50T15/N50T15P1W15DD_SF4.dat;50;15;15;1.75;0;3;4;120;491125.759888;34.808730702999995
instances/N100T15/N100T15P1W5DD_SF5.dat;100;15;5;1.75;0;3;4;120;444323.5139649985;45.92428856
instances/N100T30/N100T30P1W20DD_SF9.dat;100;30;20;1.75;0;3;4;120;1.120444240356999e6;99.65117258599999
