instance;NR;NT;NW;capacity;balanced;fixsizerf;freeintervalrf;maxtimerf;bestsol;elapsedtime
instances/N50T15/N50T15P1W15DD_SF4.dat;50;15;15;2.0;0;4;4;120;452322.9383226666;29.608561863
instances/N100T15/N100T15P1W5DD_SF5.dat;100;15;5;2.0;0;4;4;120;406299.9461023313;37.530518285
instances/N100T30/N100T30P1W20DD_SF9.dat;100;30;20;2.0;0;4;4;120;1.0240591300943326e6;92.84571378
