instance;NR;NT;NW;capacity;balanced;fixsizerf;freeintervalrf;maxtimerf;bestsol;elapsedtime
instances/N50T15/N50T15P1W15DD_SF4.dat;50;15;15;2.0;0;2;3;120;453778.0331139999;10.218909826
instances/N100T15/N100T15P1W5DD_SF5.dat;100;15;5;2.0;0;2;3;120;406331.30008899886;8.041375983
instances/N100T30/N100T30P1W20DD_SF9.dat;100;30;20;2.0;0;2;3;120;1.0150309540843328e6;88.887190025
