instance;NR;NT;NW;capacity;balanced;fixsizerf;freeintervalrf;maxtimerf;bestsol;elapsedtime
instances/N50T15/N50T15P1W15DD_SF4.dat;50;15;15;2.0;0;4;3;120;451780.35451499996;34.903099017
instances/N100T15/N100T15P1W5DD_SF5.dat;100;15;5;2.0;0;4;3;120;406285.3698789987;24.544153178000002
instances/N100T30/N100T30P1W20DD_SF9.dat;100;30;20;2.0;0;4;3;120;1.017478279968333e6;92.02320963300001
