instance;NR;NT;NW;capacity;balanced;fixsizerf;freeintervalrf;maxtimerf;bestsol;elapsedtime
instances/N50T15/N50T15P1W15DD_SF4.dat;50;15;15;1.5;0;3;3;120;538795.334549;26.449672675
instances/N100T15/N100T15P1W5DD_SF5.dat;100;15;5;1.5;0;3;3;120;482966.3532231961;41.880783379
instances/N100T30/N100T30P1W20DD_SF9.dat;100;30;20;1.5;0;3;3;120;1.1941975503899993e6;92.15858254599999
