instance;NR;NT;NW;capacity;balanced;fixsizerf;freeintervalrf;maxtimerf;bestsol;elapsedtime
instances/N50T15/N50T15P1W15DD_SF4.dat;50;15;15;1.75;0;4;4;120;490785.07096899976;25.250260558
instances/N100T15/N100T15P1W5DD_SF5.dat;100;15;5;1.75;0;4;4;120;443650.6869699991;40.77479436
instances/N100T30/N100T30P1W20DD_SF9.dat;100;30;20;1.75;0;4;4;120;1.121545815198666e6;92.565487122
