instance;NR;NT;NW;capacity;balanced;fixsizerf;freeintervalrf;maxtimerf;bestsol;elapsedtime
instances/N50T15/N50T15P1W15DD_SF4.dat;50;15;15;1.75;0;3;3;120;491817.31238533324;16.079774477
instances/N100T15/N100T15P1W5DD_SF5.dat;100;15;5;1.75;0;3;3;120;444834.6006249995;28.374826854000002
instances/N100T30/N100T30P1W20DD_SF9.dat;100;30;20;1.75;0;3;3;120;1.1173158992743324e6;98.57077290899998
