instance;NR;NT;NW;capacity;balanced;fixsizerf;freeintervalrf;maxtimerf;bestsol;elapsedtime
instances/N50T15/N50T15P1W15DD_SF4.dat;50;15;15;1.5;1;3;3;120;550262.9274599999;35.760130496
instances/N100T15/N100T15P1W5DD_SF5.dat;100;15;5;1.5;1;3;3;120;513662.9168519998;22.882117377
instances/N100T30/N100T30P1W20DD_SF9.dat;100;30;20;1.5;1;3;3;120;1.2702815029519983e6;98.952699536
