instance;NR;NT;NW;capacity;balanced;fixsizerf;freeintervalrf;maxtimerf;bestsol;elapsedtime
instances/N50T15/N50T15P1W15DD_SF4.dat;50;15;15;2.0;1;4;3;120;464332.5856140591;60.954695909
instances/N100T15/N100T15P1W5DD_SF5.dat;100;15;5;2.0;1;4;3;120;438792.14753966685;39.99909980900001
instances/N100T30/N100T30P1W20DD_SF9.dat;100;30;20;2.0;1;4;3;120;1.079409480223999e6;92.705780986
