instance;NR;NT;NW;capacity;balanced;fixsizerf;freeintervalrf;maxtimerf;bestsol;elapsedtime
instances/N50T15/N50T15P1W15DD_SF4.dat;50;15;15;2.0;1;4;2;120;463173.2044686666;38.796130375
instances/N100T15/N100T15P1W5DD_SF5.dat;100;15;5;2.0;1;4;2;120;439211.280751333;9.245906193
instances/N100T30/N100T30P1W20DD_SF9.dat;100;30;20;2.0;1;4;2;120;1.0940986731219974e6;93.10449563899999
