instance;NR;NT;NW;capacity;balanced;fixsizerf;freeintervalrf;maxtimerf;bestsol;elapsedtime
instances/N50T15/N50T15P1W15DD_SF4.dat;50;15;15;1.75;1;4;3;120;503491.0000469999;60.913141112000005
instances/N100T15/N100T15P1W5DD_SF5.dat;100;15;5;1.75;1;4;3;120;473884.8268966662;39.095391537
instances/N100T30/N100T30P1W20DD_SF9.dat;100;30;20;1.75;1;4;3;120;1.1897572679759995e6;91.810448624
