instance;NR;NT;NW;capacity;balanced;fixsizerf;freeintervalrf;maxtimerf;bestsol;elapsedtime
instances/N50T15/N50T15P1W15DD_SF4.dat;50;15;15;1.75;1;4;4;120;504588.05885533267;61.281397911
instances/N100T15/N100T15P1W5DD_SF5.dat;100;15;5;1.75;1;4;4;120;475700.4450339982;63.097199520000004
instances/N100T30/N100T30P1W20DD_SF9.dat;100;30;20;1.75;1;4;4;120;1.2010867941923316e6;92.191006474
