instance;NR;NT;NW;capacity;balanced;fixsizerf;freeintervalrf;maxtimerf;bestsol;elapsedtime
instances/N50T15/N50T15P1W15DD_SF4.dat;50;15;15;1.5;1;2;2;120;552925.526648;18.473143879
instances/N100T15/N100T15P1W5DD_SF5.dat;100;15;5;1.5;1;2;2;120;515430.6168969994;7.788927009999999
instances/N100T30/N100T30P1W20DD_SF9.dat;100;30;20;1.5;1;2;2;120;1.2811337643379979e6;84.046058849
