instance;NR;NT;NW;capacity;balanced;fixsizerf;freeintervalrf;maxtimerf;bestsol;elapsedtime
instances/N50T15/N50T15P1W15DD_SF4.dat;50;15;15;1.75;1;2;3;120;506525.2160129999;40.0283072
instances/N100T15/N100T15P1W5DD_SF5.dat;100;15;5;1.75;1;2;3;120;473340.04373299953;12.595888047
instances/N100T30/N100T30P1W20DD_SF9.dat;100;30;20;1.75;1;2;3;120;1.1928213608066663e6;99.48303120600002
