instance;NR;NT;NW;capacity;balanced;fixsizerf;freeintervalrf;maxtimerf;bestsol;elapsedtime
instances/N50T15/N50T15P1W15DD_SF4.dat;50;15;15;2.0;1;3;3;120;463931.6018806666;27.873290745
instances/N100T15/N100T15P1W5DD_SF5.dat;100;15;5;2.0;1;3;3;120;439399.8258596662;16.38172507
instances/N100T30/N100T30P1W20DD_SF9.dat;100;30;20;2.0;1;3;3;120;1.094758353992994e6;97.954666015
