instance;NR;NT;NW;capacity;balanced;fixsizerf;freeintervalrf;maxtimerf;bestsol;elapsedtime
instances/N50T15/N50T15P1W15DD_SF4.dat;50;15;15;1.5;1;2;4;120;552112.787984;48.911492512
instances/N100T15/N100T15P1W5DD_SF5.dat;100;15;5;1.5;1;2;4;120;514890.45109199965;35.513813762999995
instances/N100T30/N100T30P1W20DD_SF9.dat;100;30;20;1.5;1;2;4;120;1.2651122932609976e6;98.19933781400002
