instance;NR;NT;NW;capacity;balanced;fixsizerf;freeintervalrf;maxtimerf;bestsol;elapsedtime
instances/N50T15/N50T15P1W15DD_SF4.dat;50;15;15;1.5;1;3;4;120;549885.510278;52.690770171
instances/N100T15/N100T15P1W5DD_SF5.dat;100;15;5;1.5;1;3;4;120;514212.5956069993;74.519510858
instances/N100T30/N100T30P1W20DD_SF9.dat;100;30;20;1.5;1;3;4;120;1.259580052118999e6;107.618208212
