instance;NR;NT;NW;capacity;balanced;fixsizerf;freeintervalrf;maxtimerf;bestsol;elapsedtime
instances/N50T15/N50T15P1W15DD_SF4.dat;50;15;15;1.75;1;3;3;120;504926.5183696667;38.867811901
instances/N100T15/N100T15P1W5DD_SF5.dat;100;15;5;1.75;1;3;3;120;477767.19562166557;16.160494056
instances/N100T30/N100T30P1W20DD_SF9.dat;100;30;20;1.75;1;3;3;120;1.1901351296179993e6;98.47956081400001
