instance;NR;NT;NW;capacity;balanced;fixsizerf;freeintervalrf;maxtimerf;bestsol;elapsedtime
instances/N50T15/N50T15P1W15DD_SF4.dat;50;15;15;2.0;1;2;4;120;462651.6720606666;44.296419256
instances/N100T15/N100T15P1W5DD_SF5.dat;100;15;5;2.0;1;2;4;120;439549.32762599934;23.014046609
instances/N100T30/N100T30P1W20DD_SF9.dat;100;30;20;2.0;1;2;4;120;1.0850503695919998e6;99.087254343
