instance;NR;NT;NW;capacity;balanced;fixsizerf;freeintervalrf;maxtimerf;bestsol;elapsedtime
instances/N50T15/N50T15P1W15DD_SF4.dat;50;15;15;1.75;1;3;2;120;507504.2578793333;32.745040577000005
instances/N100T15/N100T15P1W5DD_SF5.dat;100;15;5;1.75;1;3;2;120;473409.7336489999;8.443881076999999
instances/N100T30/N100T30P1W20DD_SF9.dat;100;30;20;1.75;1;3;2;120;1.1978662027249988e6;101.90844296300001
