instance;NR;NT;NW;capacity;balanced;fixsizerf;freeintervalrf;maxtimerf;bestsol;elapsedtime
instances/N50T15/N50T15P1W15DD_SF4.dat;50;15;15;1.75;1;4;2;120;505364.3279436666;43.912753171
instances/N100T15/N100T15P1W5DD_SF5.dat;100;15;5;1.75;1;4;2;120;475262.36306666606;28.767117322000004
instances/N100T30/N100T30P1W20DD_SF9.dat;100;30;20;1.75;1;4;2;120;1.1900824795913287e6;92.834279056
