instance;NR;NT;NW;capacity;balanced;fixsizerf;freeintervalrf;maxtimerf;bestsol;elapsedtime
instances/N50T15/N50T15P1W15DD_SF4.dat;50;15;15;1.75;1;2;2;120;505045.3379719962;17.462541571
instances/N100T15/N100T15P1W5DD_SF5.dat;100;15;5;1.75;1;2;2;120;478937.5703400001;7.684809264
instances/N100T30/N100T30P1W20DD_SF9.dat;100;30;20;1.75;1;2;2;120;1.198800330119e6;74.814886056
