instance;NR;NT;NW;capacity;balanced;fixsizerf;freeintervalrf;maxtimerf;bestsol;elapsedtime
instances/N50T15/N50T15P1W15DD_SF4.dat;50;15;15;1.5;1;4;3;120;550061.6851919999;60.835346079
instances/N100T15/N100T15P1W5DD_SF5.dat;100;15;5;1.5;1;4;3;120;515657.1383909987;61.527773413999995
instances/N100T30/N100T30P1W20DD_SF9.dat;100;30;20;1.5;1;4;3;120;1.2603037349079987e6;92.17556823
